HDR,HALF HOURLY OUTTURN GENERATION BY FUEL TYPE DATA
FUELHH,20220912,1,9744,0,574,4772,8260,0,131,3,132,0,118,0,0,2014,0,0,0,0
FUELHH,20220912,2,9384,0,730,4774,8257,0,131,3,149,0,80,0,0,2018,0,0,0,0
FUELHH,20220912,3,9114,0,863,4779,8282,0,113,3,128,0,24,0,0,2016,0,0,0,0
FUELHH,20220912,4,8794,0,919,4783,8294,0,111,3,124,0,86,0,0,2016,0,0,0,0
FUELHH,20220912,5,8699,0,974,4783,8200,0,111,3,126,0,74,0,0,2013,0,0,0,0
FUELHH,20220912,6,8511,0,977,4781,8178,0,112,3,126,0,16,0,0,2006,0,0,0,0
FUELHH,20220912,7,8189,0,939,4783,8326,0,113,4,132,0,76,0,0,2003,0,0,0,0
FUELHH,20220912,8,8302,0,939,4784,8283,0,112,3,131,0,62,0,0,1931,0,0,0,0
FUELHH,20220912,9,8583,0,902,4785,8142,0,110,3,146,0,154,0,0,1872,0,0,0,0
FUELHH,20220912,10,8806,0,974,4785,7904,0,109,3,142,0,104,0,0,1942,0,0,0,0
FUELHH,20220912,11,9864,0,979,4783,7417,0,111,3,134,0,162,0,0,2039,0,0,0,0
FUELHH,20220912,12,11414,0,974,4786,6978,0,114,3,125,0,112,0,0,2031,0,0,0,0
FUELHH,20220912,13,12969,0,978,4781,6724,0,149,3,133,0,130,0,0,2036,0,0,0,0
FUELHH,20220912,14,14456,0,977,4777,6430,90,239,3,161,0,32,0,0,2034,0,0,0,0
FUELHH,20220912,15,14833,0,975,4776,5891,0,429,2,299,0,124,0,0,2029,0,0,0,0
FUELHH,20220912,16,15611,0,976,4770,5798,44,479,2,573,0,90,0,36,2026,0,0,0,0
FUELHH,20220912,17,15338,0,964,4766,5888,30,489,2,598,0,0,574,0,2010,0,0,0,0
FUELHH,20220912,18,15612,0,975,4769,5568,14,497,2,681,0,0,646,0,1993,0,0,0,0
FUELHH,20220912,19,15912,0,962,4770,5393,102,241,2,572,0,0,850,0,1987,620,0,0,0
FUELHH,20220912,20,15808,0,972,4770,5592,2,209,2,254,0,0,848,0,1994,666,0,0,0
FUELHH,20220912,21,15836,0,974,4770,5852,0,165,2,167,0,0,810,0,1974,482,0,0,0
FUELHH,20220912,22,15378,0,902,4770,5893,96,163,2,167,0,30,816,0,1966,482,0,0,0
FUELHH,20220912,23,14962,0,887,4780,6032,0,126,1,164,0,32,990,0,1968,756,0,0,0
FUELHH,20220912,24,14728,0,899,4780,6205,0,124,1,145,0,32,990,0,1967,760,0,0,0
FUELHH,20220912,25,15251,0,898,4759,6413,160,124,1,124,0,32,896,0,1965,756,0,0,0
FUELHH,20220912,26,15574,0,898,4738,6632,30,124,1,114,0,32,896,0,1948,756,0,0,0
FUELHH,20220912,27,16331,0,899,4735,6647,0,117,1,118,0,32,822,0,1951,392,0,0,0
FUELHH,20220912,28,16185,0,936,4736,6993,24,114,2,115,0,0,818,0,1951,386,0,0,0
FUELHH,20220912,29,15923,0,974,4738,7569,0,116,1,116,0,0,688,0,1934,422,0,0,0
FUELHH,20220912,30,15668,0,948,4735,8185,0,119,2,114,0,0,688,0,1965,420,0,0,0
FUELHH,20220912,31,16132,0,988,4728,8497,0,142,3,158,0,0,730,0,1951,0,0,0,0
FUELHH,20220912,32,16498,0,1159,4725,8268,0,156,2,173,0,0,702,0,1981,0,0,0,0
FUELHH,20220912,33,16547,0,1337,4756,8552,0,185,3,249,0,0,122,0,1986,0,0,0,0
FUELHH,20220912,34,16696,0,1407,4774,8409,0,203,31,400,0,0,112,0,2000,0,0,0,0
FUELHH,20220912,35,16571,0,1410,4784,7781,322,229,115,533,0,0,0,0,2007,0,0,0,0
FUELHH,20220912,36,16666,0,1408,4782,7523,438,280,116,807,0,0,0,0,2005,0,0,0,0
FUELHH,20220912,37,16172,0,1446,4782,7294,438,395,204,915,0,16,468,0,2009,0,0,0,0
FUELHH,20220912,38,15633,0,1463,4776,7471,974,381,212,738,0,16,514,0,1957,0,0,0,0
FUELHH,20220912,39,16412,0,1462,4782,7952,714,362,213,720,0,16,144,0,1984,0,0,0,0
FUELHH,20220912,40,16112,0,1465,4780,7986,690,353,213,902,0,16,144,0,1989,0,0,0,0
FUELHH,20220912,41,16310,0,1467,4783,7832,830,287,16,790,0,16,234,0,1987,0,0,0,0
FUELHH,20220912,42,16391,0,1318,4779,7455,398,265,3,694,0,16,226,0,1985,0,0,0,0
FUELHH,20220912,43,16957,0,992,4781,7084,446,144,2,492,0,52,0,56,2003,0,0,0,0
FUELHH,20220912,44,16463,0,975,4789,7168,24,130,2,188,0,0,0,8,2004,0,0,0,0
FUELHH,20220912,45,16792,0,973,4767,6990,34,128,2,130,0,42,0,0,2002,0,0,0,0
FUELHH,20220912,46,15614,0,976,4764,6776,94,127,2,130,0,0,0,0,2003,0,0,0,0
FUELHH,20220912,47,13359,0,973,4776,6910,0,114,3,127,0,0,0,0,2003,0,0,0,0
FUELHH,20220912,48,11939,0,971,4771,7199,0,113,3,135,0,88,0,0,2002,0,0,0,0
FUELHH,20220913,1,11636,0,979,4765,7228,0,99,3,130,0,128,0,0,2000,0,0,0,0
FUELHH,20220913,2,11342,0,980,4762,7109,0,99,3,131,0,164,0,0,1998,0,0,0,0
FUELHH,20220913,3,11307,0,977,4763,6705,0,99,3,140,0,144,0,0,2002,0,0,0,0
FUELHH,20220913,4,11390,0,974,4770,6555,0,99,2,121,0,178,0,0,2002,0,0,0,0
FUELHH,20220913,5,11085,0,969,4775,6517,0,99,2,117,0,112,0,0,2001,0,0,0,0
FUELHH,20220913,6,10936,0,978,4770,6209,0,99,2,126,0,106,0,0,2003,0,0,0,0
FUELHH,20220913,7,11054,0,971,4778,6242,0,100,2,119,0,202,0,0,2004,0,0,0,0
FUELHH,20220913,8,10917,0,981,4766,6190,0,101,2,129,0,218,0,0,2004,0,0,0,0
FUELHH,20220913,9,11049,0,976,4771,6066,0,102,2,120,0,202,0,0,2002,0,0,0,0
FUELHH,20220913,10,11128,0,976,4775,6035,0,102,2,122,0,150,0,0,2004,0,0,0,0
FUELHH,20220913,11,11731,0,968,4774,5755,0,102,2,120,0,230,0,18,2090,0,0,0,0
FUELHH,20220913,12,12729,0,974,4770,5522,0,103,2,124,0,130,0,158,2137,0,0,0,0
FUELHH,20220913,13,14611,0,1138,4769,5209,0,152,2,130,0,224,0,322,2361,0,0,0,0
FUELHH,20220913,14,16062,0,1364,4770,4939,94,166,22,188,0,244,0,376,2571,0,0,0,0
FUELHH,20220913,15,16936,0,1464,4767,4797,204,252,76,299,0,244,0,392,2639,0,0,0,0
FUELHH,20220913,16,17213,0,1465,4763,4650,72,435,133,723,0,226,0,394,2642,0,0,0,0
FUELHH,20220913,17,16984,0,1428,4761,4556,0,200,173,787,0,98,100,278,2664,0,0,0,150
FUELHH,20220913,18,17045,0,1420,4760,4214,202,317,166,766,0,86,104,140,2668,0,0,0,218
FUELHH,20220913,19,17074,0,1422,4773,4105,16,390,98,610,0,88,690,12,2668,34,0,0,594
FUELHH,20220913,20,16805,0,1427,4769,4122,30,362,24,374,0,226,768,0,2660,34,0,0,650
FUELHH,20220913,21,17172,0,1426,4766,3805,14,116,1,301,0,216,910,0,2670,0,0,0,846
FUELHH,20220913,22,17147,0,1429,4761,3701,130,179,1,219,0,86,916,0,2675,0,0,0,862
FUELHH,20220913,23,16649,0,1429,4765,3666,0,145,1,162,0,0,1004,38,2674,504,0,0,688
FUELHH,20220913,24,16686,0,1436,4768,3641,18,105,1,126,0,0,1006,50,2675,542,0,0,678
FUELHH,20220913,25,16480,0,1429,4776,3366,26,104,1,119,0,0,1062,100,2673,410,0,0,784
FUELHH,20220913,26,16748,0,1430,4777,3016,0,104,1,124,0,0,1062,28,2675,410,0,0,796
FUELHH,20220913,27,16912,0,1429,4772,2866,0,105,1,115,0,0,1062,118,2670,638,0,0,802
FUELHH,20220913,28,16867,0,1427,4773,2560,0,104,1,116,0,0,1062,50,2651,640,0,0,798
FUELHH,20220913,29,16598,0,1454,4772,2487,22,104,1,116,0,8,1004,160,2667,532,0,0,588
FUELHH,20220913,30,16878,0,1464,4776,2413,0,104,1,115,0,0,1004,80,2671,530,0,0,560
FUELHH,20220913,31,17219,0,1470,4771,2336,0,123,1,157,0,14,1002,22,2675,364,0,0,518
FUELHH,20220913,32,17357,0,1475,4771,2441,0,138,1,193,0,16,1004,132,2676,364,0,0,522
FUELHH,20220913,33,17252,0,1477,4770,2653,0,317,1,365,0,16,862,104,2676,0,0,0,842
FUELHH,20220913,34,17405,0,1476,4763,2653,486,249,29,646,0,16,848,70,2673,0,0,0,876
FUELHH,20220913,35,17368,0,1475,4765,2676,1048,293,211,866,0,16,650,0,2666,0,0,0,846
FUELHH,20220913,36,17707,0,1479,4763,2500,1182,393,213,994,0,16,648,0,2679,0,0,0,880
FUELHH,20220913,37,17999,0,1479,4762,2446,1316,531,213,1057,0,16,560,0,2674,0,0,0,1248
FUELHH,20220913,38,18048,0,1480,4761,2400,1112,604,213,1077,0,16,558,0,2673,0,0,0,1270
FUELHH,20220913,39,18078,0,1480,4761,2664,1064,548,211,1142,0,16,470,58,2675,0,0,0,1042
FUELHH,20220913,40,18221,0,1476,4753,2712,1338,382,129,1125,0,16,474,104,2676,0,0,0,976
FUELHH,20220913,41,18178,0,1479,4761,2789,740,350,115,1061,0,16,614,168,2662,154,0,0,604
FUELHH,20220913,42,17995,0,1476,4763,2821,492,170,115,774,0,16,612,178,2662,164,0,0,530
FUELHH,20220913,43,17978,0,1471,4763,2739,418,119,10,606,0,16,388,258,2669,198,0,0,154
FUELHH,20220913,44,17189,0,1470,4764,2758,236,117,1,239,0,16,362,220,2683,184,0,0,80
FUELHH,20220913,45,17598,0,1475,4764,2766,40,95,1,169,0,76,0,318,2665,0,0,0,0
FUELHH,20220913,46,16312,0,1351,4769,2602,90,92,1,135,0,150,0,218,2662,0,0,0,0
FUELHH,20220913,47,16439,0,1013,4772,2718,22,95,2,421,0,214,0,190,2667,0,0,0,0
FUELHH,20220913,48,16040,0,979,4668,2707,0,93,2,207,0,240,0,92,2660,0,0,0,0
FUELHH,20220914,1,15933,0,977,4320,2511,100,63,1,138,0,136,0,0,2663,0,0,0,0
FUELHH,20220914,2,15768,0,979,4298,2644,0,61,1,122,0,80,0,0,2662,0,0,0,0
FUELHH,20220914,3,15740,0,977,4283,2851,0,61,1,125,0,16,0,0,2661,0,0,0,0
FUELHH,20220914,4,15687,0,980,4283,2869,0,60,1,123,0,70,0,0,2659,0,0,0,0
FUELHH,20220914,5,15918,0,982,4286,2759,0,58,1,125,0,128,0,0,2659,0,0,0,0
FUELHH,20220914,6,15683,0,980,4288,2862,0,58,1,123,0,74,0,0,2662,0,0,0,0
FUELHH,20220914,7,15404,0,980,4286,2895,0,58,1,122,0,118,0,0,2660,0,0,0,0
FUELHH,20220914,8,15541,0,980,4285,2850,0,59,1,126,0,30,0,0,2660,0,0,0,0
FUELHH,20220914,9,15507,0,979,4285,2914,0,59,2,124,0,106,0,0,2661,0,0,0,0
FUELHH,20220914,10,15585,0,979,4290,2802,0,59,1,127,0,60,0,0,2662,0,0,0,0
FUELHH,20220914,11,15920,0,979,4293,2838,0,59,1,122,0,0,0,30,2658,0,0,0,0
FUELHH,20220914,12,16451,0,983,4297,2803,0,67,1,120,0,40,0,172,2662,0,0,0,0
FUELHH,20220914,13,17291,0,1115,4292,2538,122,137,3,254,0,160,0,310,2662,0,0,0,0
FUELHH,20220914,14,17668,0,1362,4292,2753,182,183,130,655,0,244,0,460,2660,0,0,0,0
FUELHH,20220914,15,17993,0,1461,4291,2799,344,280,213,844,0,238,0,456,2666,0,0,0,0
FUELHH,20220914,16,18181,0,1471,4290,2873,962,457,213,965,0,126,0,422,2671,0,0,0,0
FUELHH,20220914,17,18236,0,1480,4290,2886,928,467,261,923,0,52,0,356,2670,0,0,0,82
FUELHH,20220914,18,18194,0,1479,4292,2943,788,467,292,929,0,50,0,354,2670,0,0,0,110
FUELHH,20220914,19,18065,0,1485,4288,3003,756,454,246,861,0,0,0,306,2673,0,0,0,6
FUELHH,20220914,20,17808,0,1485,4293,3133,584,371,196,829,0,0,0,298,2673,0,0,0,0
FUELHH,20220914,21,18085,0,1482,4289,3138,380,225,132,770,0,0,0,252,2675,0,0,0,0
FUELHH,20220914,22,18046,0,1486,4294,3287,76,187,115,703,0,0,0,252,2691,0,0,0,0
FUELHH,20220914,23,17278,0,1472,4294,3412,0,92,115,648,0,12,172,296,2693,0,0,0,0
FUELHH,20220914,24,16985,0,1472,4289,3544,360,90,115,515,0,16,178,302,2692,0,0,0,0
FUELHH,20220914,25,17461,0,1471,4296,3617,496,94,115,336,0,16,0,252,2695,0,0,0,0
FUELHH,20220914,26,17306,0,1472,4298,3609,286,95,14,274,0,16,0,232,2695,0,0,0,0
FUELHH,20220914,27,17273,0,1472,4295,3654,372,76,1,252,0,74,0,154,2698,0,0,0,0
FUELHH,20220914,28,17125,0,1476,4296,4007,94,74,1,201,0,100,0,154,2699,0,0,0,0
FUELHH,20220914,29,17429,0,1477,4299,4251,32,74,2,183,0,140,0,226,2700,0,0,0,0
FUELHH,20220914,30,16584,0,1478,4301,4754,0,76,2,175,0,150,0,294,2694,0,0,0,0
FUELHH,20220914,31,16167,0,1479,4300,5204,0,94,2,205,0,190,0,198,2696,0,0,0,0
FUELHH,20220914,32,16750,0,1361,4299,5562,0,95,2,222,0,178,0,246,2696,0,0,0,0
FUELHH,20220914,33,16878,0,1204,4301,5727,0,138,2,254,0,100,462,202,2656,0,0,0,0
FUELHH,20220914,34,17265,0,1210,4295,5750,106,139,1,316,0,98,518,92,2647,0,0,0,0
FUELHH,20220914,35,17096,0,1211,4293,6023,562,191,2,536,0,50,312,0,2697,0,0,0,0
FUELHH,20220914,36,17077,0,1209,4294,6390,826,345,2,768,0,52,310,0,2698,0,0,0,0
FUELHH,20220914,37,17079,0,1207,4293,6699,844,478,3,834,0,50,0,60,2700,0,0,0,0
FUELHH,20220914,38,16965,0,1164,4291,6790,1024,502,27,824,0,50,0,154,2696,0,0,0,0
FUELHH,20220914,39,17141,0,975,4293,6986,1014,478,165,862,0,108,0,214,2698,0,0,0,22
FUELHH,20220914,40,17623,0,977,4292,6935,898,451,165,830,0,142,0,302,2697,0,0,0,22
FUELHH,20220914,41,17246,0,978,4291,6756,844,238,119,711,0,100,216,304,2698,0,0,0,0
FUELHH,20220914,42,17279,0,977,4295,6494,608,153,116,547,0,100,218,294,2699,0,0,0,0
FUELHH,20220914,43,17129,0,977,4292,6449,180,100,9,401,0,100,0,304,2699,0,0,0,0
FUELHH,20220914,44,16199,0,977,4293,6364,50,100,2,227,0,100,0,208,2719,0,0,0,0
FUELHH,20220914,45,16112,0,980,4295,6256,36,72,2,218,0,162,0,310,2721,0,0,0,0
FUELHH,20220914,46,15026,0,979,4294,5876,62,72,1,126,0,176,0,208,2719,0,0,0,0
FUELHH,20220914,47,13847,0,978,4290,5633,62,72,1,125,0,160,0,74,2739,0,0,0,34
FUELHH,20220914,48,12582,0,973,4288,5593,0,72,1,130,0,162,0,122,2747,0,0,0,80
FUELHH,20220915,1,11963,0,976,4285,5776,0,72,1,126,0,12,0,14,2745,0,0,0,4
FUELHH,20220915,2,11844,0,978,4291,5416,0,72,1,122,0,0,0,0,2744,0,0,0,0
FUELHH,20220915,3,11678,0,985,4288,5062,0,72,15,125,0,0,0,0,2744,0,0,0,0
FUELHH,20220915,4,11923,0,971,4292,5004,0,72,4,115,0,16,0,0,2744,0,0,0,0
FUELHH,20220915,5,10968,0,969,4291,5745,0,72,0,113,0,24,0,0,2742,0,0,0,0
FUELHH,20220915,6,10982,0,980,4286,5444,0,72,0,130,0,16,0,0,2743,0,0,0,0
FUELHH,20220915,7,11460,0,971,4297,4990,0,71,0,112,0,18,254,0,2740,0,0,0,0
FUELHH,20220915,8,11293,0,977,4292,4868,0,72,0,115,0,26,258,0,2708,0,0,0,0
FUELHH,20220915,9,11904,0,971,4298,5034,0,72,0,116,0,130,0,0,2681,0,0,0,0
FUELHH,20220915,10,12019,0,971,4297,5046,0,72,0,115,0,142,0,0,2687,0,0,0,0
FUELHH,20220915,11,12551,0,966,4298,5284,0,72,0,117,0,58,0,0,2738,0,0,0,0
FUELHH,20220915,12,12463,0,976,4296,5948,0,81,0,120,0,70,0,0,2737,0,0,0,0
FUELHH,20220915,13,13410,0,979,4299,6165,0,167,1,180,0,138,0,8,2719,0,0,0,0
FUELHH,20220915,14,14585,0,970,4303,6356,156,167,1,219,0,278,0,118,2742,0,0,0,0
FUELHH,20220915,15,14875,0,902,4295,6350,332,162,1,444,0,216,736,24,2742,0,0,0,0
FUELHH,20220915,16,16008,0,896,4297,6071,140,154,1,555,0,248,908,46,2741,0,0,0,0
FUELHH,20220915,17,16398,0,894,4298,6184,24,204,1,469,0,156,354,0,2710,0,0,0,322
FUELHH,20220915,18,16384,0,898,4292,6203,134,207,1,440,0,24,352,0,2693,0,0,0,372
FUELHH,20220915,19,15997,0,889,4296,6070,74,195,1,386,0,0,982,0,2691,0,0,0,440
FUELHH,20220915,20,15271,0,881,4296,6696,136,209,1,300,0,0,1002,0,2691,0,0,0,410
FUELHH,20220915,21,15317,0,948,4288,6906,180,175,1,287,0,0,958,0,2691,0,0,0,42
FUELHH,20220915,22,15031,0,963,4299,6977,0,170,1,174,0,0,956,0,2637,0,0,0,0
FUELHH,20220915,23,14331,0,967,4293,7204,0,153,1,164,0,0,760,0,2648,430,0,0,0
FUELHH,20220915,24,13817,0,951,4297,7672,0,146,1,152,0,0,758,0,2649,446,0,0,0
FUELHH,20220915,25,13825,0,976,4291,7964,12,148,1,121,0,0,740,0,2649,330,0,0,0
FUELHH,20220915,26,13981,0,971,4298,8170,10,148,1,115,0,0,744,0,2652,322,0,0,0
FUELHH,20220915,27,13415,0,975,4300,8347,0,134,1,119,0,0,1016,0,2650,0,0,0,0
FUELHH,20220915,28,12995,0,974,4300,8434,0,129,1,116,0,0,1020,0,2648,0,0,0,0
FUELHH,20220915,29,13021,0,976,4299,8509,0,158,1,116,0,0,1002,0,2646,0,0,0,0
FUELHH,20220915,30,12811,0,968,4300,8848,0,133,1,112,0,0,1002,0,2605,0,0,0,0
FUELHH,20220915,31,12460,0,966,4303,9260,0,107,1,112,0,0,976,0,2597,0,0,0,0
FUELHH,20220915,32,12578,0,971,4303,9775,0,89,1,116,0,0,946,0,2673,0,0,0,0
FUELHH,20220915,33,13595,0,972,4302,9973,72,104,1,141,0,0,188,0,2723,28,0,0,0
FUELHH,20220915,34,14628,0,974,4302,9762,246,121,1,140,0,0,164,0,2724,30,0,0,0
FUELHH,20220915,35,15611,0,975,4302,9759,48,121,2,158,0,0,102,0,2722,0,0,0,0
FUELHH,20220915,36,15741,0,971,4297,9802,24,133,2,177,0,0,104,0,2724,0,0,0,0
FUELHH,20220915,37,15870,0,977,4293,9886,424,156,1,334,0,76,0,0,2720,0,0,0,8
FUELHH,20220915,38,15889,0,974,4295,9979,592,187,2,318,0,174,0,0,2723,0,0,0,46
FUELHH,20220915,39,15915,0,972,4295,10308,328,186,2,320,0,64,0,0,2744,0,0,0,410
FUELHH,20220915,40,15868,0,975,4291,10484,516,155,2,346,0,90,0,10,2747,0,0,0,436
FUELHH,20220915,41,16020,0,966,4293,10453,68,121,2,273,0,0,0,0,2747,0,0,0,34
FUELHH,20220915,42,15238,0,974,4288,10480,90,118,2,236,0,0,0,0,2745,0,0,0,0
FUELHH,20220915,43,14422,0,974,4290,10602,72,117,2,122,0,0,312,0,2748,0,0,0,0
FUELHH,20220915,44,13376,0,976,4292,10472,0,98,1,117,0,0,330,0,2747,0,0,0,0
FUELHH,20220915,45,11572,0,970,4294,10317,0,88,1,114,0,0,232,0,2675,0,0,0,0
FUELHH,20220915,46,9912,0,976,4295,10288,0,88,1,129,0,0,240,0,2600,0,0,0,24
FUELHH,20220915,47,7090,0,968,4299,10150,0,88,1,119,0,0,712,68,2464,308,0,0,400
FUELHH,20220915,48,5770,0,979,4295,10142,0,88,1,132,0,0,728,30,2504,336,0,0,476
FUELHH,20220916,1,4604,0,970,4295,10343,0,88,1,118,0,0,1054,0,2486,584,0,0,850
FUELHH,20220916,2,3724,0,977,4289,10313,0,86,2,117,0,0,1060,0,2521,584,0,0,918
FUELHH,20220916,3,3471,0,975,4294,10352,0,85,1,115,0,0,924,0,2629,474,0,0,1226
FUELHH,20220916,4,3293,0,971,4298,10391,0,84,2,114,0,0,922,0,2514,474,0,0,1258
FUELHH,20220916,5,3092,0,965,4298,10305,0,84,1,114,0,14,980,0,2354,558,0,0,1258
FUELHH,20220916,6,3242,0,826,4293,10289,0,84,1,113,0,16,980,0,1981,560,0,0,1230
FUELHH,20220916,7,3118,0,795,4291,10362,0,85,1,121,0,50,1002,0,1942,702,0,0,968
FUELHH,20220916,8,3011,0,922,4297,10415,0,84,1,117,0,0,1002,0,1931,704,0,0,930
FUELHH,20220916,9,3375,0,886,4297,10528,0,85,2,123,0,14,688,0,2006,356,0,0,530
FUELHH,20220916,10,3737,0,796,4304,10486,0,85,2,116,0,46,608,14,2110,294,0,0,456
FUELHH,20220916,11,5353,0,892,4301,10584,0,102,2,115,0,174,0,108,2444,0,0,0,90
FUELHH,20220916,12,5982,0,963,4307,10752,0,108,2,115,0,240,0,14,2664,0,0,0,82
FUELHH,20220916,13,7234,0,970,4323,10954,0,137,2,157,0,240,0,26,2683,0,0,0,456
FUELHH,20220916,14,8266,0,971,4315,10923,0,188,2,410,0,92,0,152,2727,0,0,0,530
FUELHH,20220916,15,8046,0,968,4311,11102,0,226,2,594,0,0,708,144,2670,0,0,0,904
FUELHH,20220916,16,8282,0,977,4307,11051,344,197,2,664,0,0,826,78,2743,0,0,0,954
FUELHH,20220916,17,8493,0,977,4307,10984,40,191,2,555,0,0,1002,0,2746,638,0,0,1080
FUELHH,20220916,18,8201,0,950,4312,11206,0,184,2,413,0,0,1002,0,2713,672,0,0,1094
FUELHH,20220916,19,7642,0,955,4309,11495,0,149,2,199,0,0,1060,0,2687,948,0,0,1030
FUELHH,20220916,20,7166,0,958,4304,11396,0,142,1,131,0,0,1060,0,2567,950,0,0,992
FUELHH,20220916,21,6565,0,893,4301,11620,38,110,1,126,0,0,1060,0,2506,958,0,0,686
FUELHH,20220916,22,5748,0,831,4300,11915,66,129,2,126,0,0,1060,0,2509,958,0,0,686
FUELHH,20220916,23,5090,0,852,4301,11988,58,105,2,133,0,0,1004,0,2510,1000,0,0,1050
FUELHH,20220916,24,4872,0,780,4304,12145,52,104,2,123,0,0,1004,0,2511,1000,0,0,1096
FUELHH,20220916,25,4771,0,777,4299,12111,168,85,2,165,0,0,1002,0,2676,938,0,0,1096
FUELHH,20220916,26,4690,0,742,4302,12179,0,84,2,118,0,0,1002,0,2745,938,0,0,1096
FUELHH,20220916,27,4395,0,670,4297,11931,110,84,2,126,0,0,1002,0,2750,1000,0,0,1096
FUELHH,20220916,28,4139,0,712,4305,11869,0,84,2,122,0,0,1002,0,2708,1000,0,0,1096
FUELHH,20220916,29,3943,0,789,4305,12025,0,82,1,130,0,0,1060,0,2613,956,0,0,1096
FUELHH,20220916,30,4176,0,563,4310,11922,0,58,2,133,0,0,1062,0,2541,956,0,0,1096
FUELHH,20220916,31,4128,0,483,4310,12088,0,58,1,148,0,0,1060,0,2403,878,0,0,1096
FUELHH,20220916,32,4512,0,502,4306,11999,0,63,2,163,0,0,1060,0,2483,878,0,0,1058
FUELHH,20220916,33,6072,0,480,4311,11878,130,107,2,137,0,0,1004,0,2434,1018,0,0,686
FUELHH,20220916,34,7132,0,478,4305,11956,138,111,2,129,0,0,1002,0,2422,1020,0,0,648
FUELHH,20220916,35,8857,0,500,4303,11862,392,167,1,145,0,0,432,0,2466,258,0,0,432
FUELHH,20220916,36,10183,0,477,4307,11721,174,182,2,136,0,0,638,0,2470,354,0,0,686
FUELHH,20220916,37,10290,0,580,4299,11796,306,213,2,179,0,0,594,0,2558,0,0,0,1058
FUELHH,20220916,38,10320,0,622,4301,11621,554,216,1,323,0,0,598,0,2589,0,0,0,1096
FUELHH,20220916,39,9670,0,568,4298,11419,706,217,1,265,0,0,898,0,2614,816,0,0,1096
FUELHH,20220916,40,9876,0,467,4297,11445,646,203,1,244,0,0,904,0,2658,856,0,0,1096
FUELHH,20220916,41,10189,0,495,4297,11449,354,154,1,177,0,0,1002,0,2616,538,0,0,1096
FUELHH,20220916,42,9682,0,416,4298,11444,274,152,1,156,0,0,1002,0,2600,534,0,0,1096
FUELHH,20220916,43,8728,0,400,4295,11407,140,129,1,157,0,0,1060,0,2379,606,0,0,1096
FUELHH,20220916,44,8181,0,399,4298,11472,72,119,1,135,0,0,1060,0,2008,606,0,0,1096
FUELHH,20220916,45,7347,0,353,4297,11292,6,86,1,142,0,0,1058,0,1988,406,0,0,1096
FUELHH,20220916,46,6309,0,300,4303,11178,150,83,1,129,0,0,1060,0,1881,404,0,0,1100
FUELHH,20220916,47,3825,0,256,4310,10643,0,83,1,113,372,0,908,0,1068,882,0,0,1244
FUELHH,20220916,48,3463,0,232,4311,10079,0,83,0,123,358,0,906,0,765,892,0,0,1258
FUELHH,20220917,1,3574,0,230,4310,9700,0,76,1,118,0,0,972,0,771,998,0,0,1258
FUELHH,20220917,2,3502,0,271,4313,9437,0,47,1,114,0,0,970,0,763,1000,0,0,1258
FUELHH,20220917,3,3551,0,301,4310,9284,0,48,0,117,0,0,732,0,761,1000,0,0,1258
FUELHH,20220917,4,3577,0,303,4307,9187,0,48,0,122,0,0,728,0,771,1000,0,0,1258
FUELHH,20220917,5,3574,0,306,4310,9122,0,47,0,120,0,0,682,0,775,970,0,0,1258
FUELHH,20220917,6,3487,0,300,4311,9150,0,47,0,116,0,0,682,0,770,970,0,0,1258
FUELHH,20220917,7,3602,0,307,4304,9010,0,48,0,135,0,0,380,0,791,970,0,0,1258
FUELHH,20220917,8,3550,0,305,4308,9093,0,47,0,125,0,0,376,0,766,968,0,0,1242
FUELHH,20220917,9,3525,0,304,4310,9215,0,48,0,117,0,0,396,0,765,874,0,0,1092
FUELHH,20220917,10,3409,0,298,4312,9368,0,48,1,112,0,0,398,0,766,872,0,0,1064
FUELHH,20220917,11,3412,0,297,4310,9661,0,47,0,112,0,0,632,0,766,688,0,0,924
FUELHH,20220917,12,3473,0,306,4310,9670,0,48,1,123,0,0,634,0,766,688,0,0,914
FUELHH,20220917,13,3494,0,299,4310,9936,0,99,1,155,0,0,996,0,774,740,0,0,1034
FUELHH,20220917,14,3635,0,301,4313,10022,0,105,1,138,0,0,1002,0,869,740,0,0,1006
FUELHH,20220917,15,4697,0,345,4312,10392,0,110,1,120,0,0,1060,0,1070,740,0,0,634
FUELHH,20220917,16,5037,0,336,4314,10834,0,98,1,135,0,0,1060,0,1154,740,0,0,598
FUELHH,20220917,17,5250,0,231,4308,10806,0,109,0,143,0,0,1060,0,1072,740,0,0,670
FUELHH,20220917,18,5263,0,231,4311,10529,22,97,0,150,0,0,1062,0,1194,740,0,0,678
FUELHH,20220917,19,4480,0,230,4310,10414,0,82,0,121,338,0,1004,0,1213,740,0,424,624
FUELHH,20220917,20,4047,0,230,4311,10371,0,80,0,114,350,0,1002,0,1048,740,0,434,598
FUELHH,20220917,21,4379,0,58,4312,10357,0,65,1,117,166,0,1004,0,939,738,0,0,398
FUELHH,20220917,22,3920,0,0,4309,10369,0,65,1,112,156,0,1002,0,849,740,0,0,392
FUELHH,20220917,23,3609,0,0,4305,10138,0,65,1,118,126,0,1002,0,862,996,0,0,532
FUELHH,20220917,24,3772,0,0,4305,9824,0,65,1,115,126,0,1002,0,859,1000,0,0,538
FUELHH,20220917,25,3808,0,0,4304,9781,0,47,1,118,92,0,1060,0,914,1000,0,0,252
FUELHH,20220917,26,3551,0,0,4306,10195,0,47,1,116,102,0,1060,0,901,1000,0,0,222
FUELHH,20220917,27,3053,0,0,4305,9498,0,47,0,115,490,0,1060,0,855,1000,164,636,198
FUELHH,20220917,28,2902,0,0,4304,9100,0,48,0,116,504,0,1060,0,858,1000,166,698,204
FUELHH,20220917,29,2884,0,0,4302,8905,0,48,0,119,556,0,1004,0,883,1000,0,692,288
FUELHH,20220917,30,2864,0,0,4310,9383,0,48,0,116,560,0,1002,0,864,1000,0,674,280
FUELHH,20220917,31,3130,0,0,4307,9596,0,48,0,125,610,0,1002,0,947,998,0,284,90
FUELHH,20220917,32,3118,0,59,4313,10185,0,48,0,120,612,0,1002,0,1038,998,0,266,68
FUELHH,20220917,33,4287,0,208,4311,10218,0,64,1,127,0,0,1002,0,1231,1012,0,0,0
FUELHH,20220917,34,5745,0,233,4310,10070,0,66,0,120,0,0,1004,0,1422,1012,0,0,0
FUELHH,20220917,35,8038,0,310,4314,10069,0,103,0,137,0,0,1060,0,1433,1020,0,0,354
FUELHH,20220917,36,9532,0,331,4313,10046,26,115,0,122,0,0,1062,0,1353,1020,0,0,410
FUELHH,20220917,37,10596,0,348,4314,9747,334,155,1,137,0,0,964,0,1456,970,0,0,810
FUELHH,20220917,38,10730,0,515,4310,9748,280,200,1,132,0,0,962,0,1417,970,0,0,854
FUELHH,20220917,39,10235,0,533,4306,9780,800,196,0,144,0,0,1002,0,1164,926,0,0,1070
FUELHH,20220917,40,11310,0,589,4307,9926,620,202,0,172,0,0,1002,0,1159,926,0,0,1094
FUELHH,20220917,41,11663,0,703,4306,9496,76,170,0,155,0,0,1002,0,1083,1018,0,0,1046
FUELHH,20220917,42,11452,0,708,4304,9287,0,154,0,121,0,0,1002,0,787,1020,0,0,1004
FUELHH,20220917,43,11066,0,711,4305,9216,0,93,0,125,0,0,1002,0,768,1000,0,0,632
FUELHH,20220917,44,10333,0,711,4301,8834,40,88,0,126,0,0,1004,0,776,996,0,0,600
FUELHH,20220917,45,9223,0,674,4306,8640,22,88,0,150,0,0,1060,0,964,756,0,0,660
FUELHH,20220917,46,8062,0,596,4303,8391,0,87,0,202,0,0,1060,0,1052,752,0,0,658
FUELHH,20220917,47,4779,0,522,4308,8158,0,87,0,126,48,0,1060,0,773,996,632,532,322
FUELHH,20220917,48,3932,0,525,4312,7617,0,99,0,138,70,0,1058,0,768,1000,752,602,282
FUELHH,20220918,1,3773,0,497,4310,6855,0,68,0,124,302,0,1002,0,765,1000,692,584,188
FUELHH,20220918,2,3785,0,460,4315,6659,0,67,0,112,302,0,1002,0,765,1000,688,572,182
FUELHH,20220918,3,3559,0,487,4304,6622,0,48,0,121,156,0,924,0,842,1000,642,338,240
FUELHH,20220918,4,3461,0,468,4309,6601,0,48,0,126,148,0,922,0,766,998,640,326,240
FUELHH,20220918,5,3480,0,460,4309,6597,0,48,0,122,96,0,986,0,769,854,636,334,202
FUELHH,20220918,6,3510,0,459,4318,6559,0,48,0,112,94,0,988,0,766,854,636,334,198
FUELHH,20220918,7,3724,0,468,4307,6484,0,48,0,121,0,0,850,0,770,806,752,224,188
FUELHH,20220918,8,3800,0,473,4310,6576,0,48,0,126,0,0,846,0,770,806,758,220,188
FUELHH,20220918,9,3850,0,462,4313,6525,0,48,0,115,0,0,796,0,768,516,688,324,210
FUELHH,20220918,10,3545,0,460,4314,6819,0,48,0,113,0,0,794,0,766,512,676,324,224
FUELHH,20220918,11,3660,0,461,4312,7009,0,48,0,114,0,0,730,0,769,656,488,192,330
FUELHH,20220918,12,3600,0,462,4315,6998,0,48,0,114,0,0,730,0,768,658,474,182,340
FUELHH,20220918,13,3534,0,460,4311,6731,0,49,0,122,262,0,910,0,767,924,714,546,220
FUELHH,20220918,14,3207,0,467,4310,6977,0,63,0,121,276,0,906,0,786,926,704,560,210
FUELHH,20220918,15,3553,0,463,4312,7484,0,65,0,116,308,0,732,0,944,998,298,496,220
FUELHH,20220918,16,3590,0,461,4313,8102,0,73,0,128,310,0,734,0,1005,1000,294,492,202
FUELHH,20220918,17,4075,0,298,4314,8519,0,129,0,119,328,0,928,0,1101,1000,622,456,6
FUELHH,20220918,18,4224,0,230,4314,8769,0,115,0,116,330,0,932,0,1096,1000,640,454,0
FUELHH,20220918,19,3549,0,230,4314,8904,16,108,0,121,932,0,884,0,879,1000,830,940,40
FUELHH,20220918,20,3390,0,230,4317,8983,0,110,0,114,954,0,884,0,878,1000,842,964,52
FUELHH,20220918,21,3359,0,230,4315,8775,0,84,0,112,1004,0,884,0,892,1000,896,990,128
FUELHH,20220918,22,3347,0,230,4315,8361,0,83,0,112,1006,0,862,0,892,1000,902,992,126
FUELHH,20220918,23,3491,0,231,4307,8401,118,65,0,125,1004,0,546,0,926,1000,972,992,20
FUELHH,20220918,24,3664,0,233,4309,8714,20,65,0,118,1004,0,546,0,941,1000,974,992,12
FUELHH,20220918,25,3716,0,230,4306,9037,230,49,0,120,1004,0,390,0,927,1000,990,992,124
FUELHH,20220918,26,4008,0,229,4305,9070,34,49,0,116,1004,0,392,0,983,1000,990,992,130
FUELHH,20220918,27,3915,0,230,4305,9201,0,49,0,112,1004,0,420,0,864,1000,996,992,68
FUELHH,20220918,28,3692,0,229,4303,9289,18,48,0,115,1006,0,420,0,866,1000,998,992,60
FUELHH,20220918,29,3803,0,230,4302,9374,0,49,0,113,1006,0,184,0,875,1000,998,992,70
FUELHH,20220918,30,3645,0,230,4299,9196,20,49,0,115,1006,0,184,0,872,1000,998,992,72
FUELHH,20220918,31,3684,0,230,4303,8910,2,49,0,118,1004,0,972,0,870,1000,998,992,60
FUELHH,20220918,32,4028,0,339,4303,9084,0,49,0,114,1006,0,1002,0,859,1000,998,992,58
FUELHH,20220918,33,5357,0,663,4305,8984,180,68,0,137,1004,0,210,0,1230,1020,828,992,18
FUELHH,20220918,34,6531,0,678,4308,9058,74,68,0,120,1006,0,180,0,1404,1020,820,992,16
FUELHH,20220918,35,8307,0,699,4310,9029,340,71,0,117,782,0,0,0,1400,1020,684,992,62
FUELHH,20220918,36,9369,0,847,4308,8822,290,74,0,182,774,0,0,0,1292,1020,668,964,68
FUELHH,20220918,37,10278,0,867,4314,8776,410,140,0,176,722,0,0,0,1243,1020,448,340,78
FUELHH,20220918,38,10752,0,621,4312,8823,568,186,0,288,714,0,0,0,1126,1020,422,304,72
FUELHH,20220918,39,10962,0,548,4311,8924,484,191,1,323,480,0,600,0,1125,958,72,140,4
FUELHH,20220918,40,11110,0,503,4308,8887,324,190,0,311,456,0,686,0,1034,958,70,136,0
FUELHH,20220918,41,11056,0,475,4305,8677,594,155,0,254,96,0,440,0,1022,958,394,268,0
FUELHH,20220918,42,11042,0,495,4308,8562,200,135,0,167,76,0,440,0,1109,958,410,274,0
FUELHH,20220918,43,10799,0,650,4309,8285,86,108,0,145,0,0,740,0,1422,864,324,0,0
FUELHH,20220918,44,10378,0,693,4306,7732,0,106,0,146,0,0,756,0,1448,864,308,0,0
FUELHH,20220918,45,10202,0,393,4308,7342,0,103,0,137,0,0,610,0,1400,982,32,0,0
FUELHH,20220918,46,9690,0,229,4306,6799,0,101,0,220,0,0,610,0,1205,982,18,0,0
FUELHH,20220918,47,9071,0,229,4302,6439,6,68,0,165,20,0,832,56,1451,998,0,0,74
FUELHH,20220918,48,8352,0,232,4308,6113,0,67,0,135,50,0,832,8,1404,998,0,0,98
FUELHH,20220919,1,7574,0,230,4306,6061,0,49,0,132,160,0,832,0,1359,1000,0,0,232
FUELHH,20220919,2,7613,0,237,4312,5552,0,49,0,122,164,0,832,0,1311,1000,0,0,252
FUELHH,20220919,3,7299,0,234,4312,5271,0,49,0,113,172,0,1004,0,1261,1000,0,0,362
FUELHH,20220919,4,7781,0,240,4312,4808,0,49,0,122,168,0,1000,0,1209,1000,0,0,374
FUELHH,20220919,5,7888,0,233,4318,4621,0,49,1,113,88,0,952,0,1326,1000,0,0,372
FUELHH,20220919,6,7948,0,241,4311,4239,0,49,0,122,84,0,952,0,1318,1000,0,0,370
FUELHH,20220919,7,7916,0,232,4318,4075,0,49,1,115,148,0,902,0,1410,972,0,0,304
FUELHH,20220919,8,7485,0,230,4310,4311,0,49,13,112,152,0,902,0,1441,972,0,0,292
FUELHH,20220919,9,8612,0,355,4310,4312,18,49,16,130,0,0,1012,0,1472,308,0,0,92
FUELHH,20220919,10,8279,0,566,4314,4627,0,49,29,115,0,0,964,0,1476,288,0,0,60
FUELHH,20220919,11,10464,0,895,4312,4485,92,49,34,236,0,88,0,0,1545,0,0,0,0
FUELHH,20220919,12,11021,0,935,4314,4441,30,54,57,248,0,202,0,60,1501,0,0,0,0
FUELHH,20220919,13,11825,0,971,4314,4584,0,110,82,231,0,92,0,10,1294,0,0,0,0
FUELHH,20220919,14,12549,0,973,4313,4810,0,107,40,136,0,0,0,0,1324,0,0,0,0
FUELHH,20220919,15,13585,0,960,4316,4960,0,106,7,120,0,0,0,0,1606,0,0,0,0
FUELHH,20220919,16,14470,0,922,4310,4882,0,101,7,129,0,0,0,0,1612,0,0,0,0
FUELHH,20220919,17,15237,0,966,4315,4711,0,68,13,114,0,0,0,0,1730,0,0,0,0
FUELHH,20220919,18,15787,0,850,4314,4647,0,74,40,122,0,0,2,0,1840,0,0,0,0
FUELHH,20220919,19,16156,0,946,4311,4221,28,179,25,143,0,0,0,0,1851,0,0,0,0
FUELHH,20220919,20,16181,0,972,4314,3890,32,383,25,365,0,0,0,0,1823,0,0,0,0
FUELHH,20220919,21,16170,0,975,4307,3642,56,398,31,246,0,0,0,0,1854,0,0,0,0
FUELHH,20220919,22,15792,0,976,4311,3281,0,335,18,177,0,0,0,0,1707,0,0,0,0
FUELHH,20220919,23,15695,0,975,4307,3004,122,307,0,116,0,0,0,0,1627,0,0,0,0
FUELHH,20220919,24,16051,0,976,4307,2833,128,307,1,122,0,0,0,0,1656,0,0,0,0
FUELHH,20220919,25,16020,0,949,4304,2699,128,311,12,114,0,0,2,0,1634,0,0,0,0
FUELHH,20220919,26,16787,0,977,4303,2457,130,321,29,115,0,0,2,0,1678,0,0,0,0
FUELHH,20220919,27,16440,0,973,4305,2244,0,321,27,113,0,0,0,0,1664,288,0,0,0
FUELHH,20220919,28,15901,0,972,4307,2151,370,172,28,112,0,0,0,0,1541,320,0,0,0
FUELHH,20220919,29,16759,0,973,4308,2323,20,90,28,112,0,0,0,0,1773,622,0,0,0
FUELHH,20220919,30,16685,0,972,4307,2184,224,88,13,113,0,0,0,0,1790,628,0,0,0
FUELHH,20220919,31,16820,0,967,4309,2166,0,88,27,112,0,0,0,0,1915,624,0,0,0
FUELHH,20220919,32,16790,0,972,4309,2173,0,88,28,112,0,0,0,0,2067,624,0,0,0
FUELHH,20220919,33,16166,0,990,4307,2132,82,123,1,136,0,0,0,0,1971,512,0,682,0
FUELHH,20220919,34,17146,0,1003,4316,1915,4,124,23,291,0,0,0,0,2009,520,0,738,0
FUELHH,20220919,35,17333,0,1086,4313,2117,666,156,114,283,0,0,0,0,2062,914,0,728,0
FUELHH,20220919,36,17943,0,1202,4315,1826,892,166,126,327,0,14,0,0,2112,918,0,702,0
FUELHH,20220919,37,18319,0,1213,4319,1813,804,171,200,623,0,16,0,0,2309,664,0,106,0
FUELHH,20220919,38,18190,0,1206,4315,1752,804,184,196,721,0,16,0,0,2396,662,0,80,0
FUELHH,20220919,39,18388,0,1207,4315,1697,612,312,200,754,0,88,0,42,2308,654,0,0,0
FUELHH,20220919,40,18643,0,1206,4318,1621,616,312,218,805,0,148,0,48,2103,654,0,0,0
FUELHH,20220919,41,17724,0,1204,4313,1587,572,188,165,588,0,100,0,0,2103,892,0,148,0
FUELHH,20220919,42,17306,0,1206,4311,1568,410,160,8,440,0,100,0,0,2100,888,0,160,0
FUELHH,20220919,43,17729,0,1156,4314,1478,14,161,8,361,0,174,0,54,1843,500,0,86,0
FUELHH,20220919,44,17222,0,1053,4309,1413,0,153,18,212,0,250,0,24,1684,490,0,54,0
FUELHH,20220919,45,17858,0,955,4273,1434,0,103,83,143,0,162,0,114,1475,198,0,0,0
FUELHH,20220919,46,16795,0,978,4262,1347,0,103,92,134,0,42,0,20,1647,166,0,0,0
FUELHH,20220919,47,17036,0,979,3943,1416,0,103,86,135,0,58,0,0,2053,0,0,0,0
FUELHH,20220919,48,16656,0,970,3938,1587,0,99,94,128,0,0,0,0,1978,0,0,0,0
FUELHH,20220920,1,16320,0,906,3935,1614,0,68,89,131,0,0,0,0,1560,0,0,0,0
FUELHH,20220920,2,15962,0,867,3936,1702,0,52,64,134,0,0,0,0,1374,0,0,0,0
FUELHH,20220920,3,15717,0,973,3939,1823,0,52,63,128,0,0,0,0,1417,0,0,0,0
FUELHH,20220920,4,15617,0,979,3935,1916,0,52,62,118,0,16,2,0,1378,0,0,0,0
FUELHH,20220920,5,15021,0,982,3938,1993,0,52,63,113,0,16,0,0,1528,0,0,0,0
FUELHH,20220920,6,14405,0,979,3937,2041,0,52,62,112,0,16,0,0,1683,0,0,0,0
FUELHH,20220920,7,13923,0,979,3937,2152,0,51,62,113,0,16,0,0,1961,0,0,0,0
FUELHH,20220920,8,13988,0,979,3934,2046,0,51,61,128,0,16,2,0,2008,0,0,0,0
FUELHH,20220920,9,14181,0,980,3939,2003,0,52,71,117,0,16,0,0,2024,0,0,0,0
FUELHH,20220920,10,14432,0,980,3936,1956,0,52,81,114,0,16,0,0,2001,0,0,0,0
FUELHH,20220920,11,15423,0,980,3932,1847,0,52,93,120,0,76,2,0,1734,0,0,0,0
FUELHH,20220920,12,16050,0,980,3933,1877,0,58,95,120,0,230,2,0,1987,0,0,0,0
FUELHH,20220920,13,17224,0,978,3935,1829,0,90,94,122,0,370,2,72,2105,0,0,0,0
FUELHH,20220920,14,18442,0,976,3936,1842,0,100,165,271,0,362,2,202,2392,0,0,0,0
FUELHH,20220920,15,19412,0,930,3936,1720,136,168,191,335,0,254,0,144,2623,0,0,0,0
FUELHH,20220920,16,19647,0,980,3935,1518,420,312,155,792,0,172,0,226,2735,0,0,0,0
FUELHH,20220920,17,19521,0,979,3937,1381,56,463,188,870,0,96,0,194,2743,0,0,0,0
FUELHH,20220920,18,19619,0,981,3934,1280,0,463,189,849,0,96,0,174,2740,0,0,0,0
FUELHH,20220920,19,19649,0,979,3938,1169,94,405,187,743,0,96,0,92,2745,0,0,0,0
FUELHH,20220920,20,19579,0,976,3935,1133,50,277,186,692,0,96,0,16,2734,0,0,0,0
FUELHH,20220920,21,19462,0,976,3937,1171,0,179,82,647,0,96,0,0,2714,0,0,0,0
FUELHH,20220920,22,19606,0,976,3933,1215,82,84,21,286,0,64,0,0,2705,0,0,0,0
FUELHH,20220920,23,19638,0,973,3932,1190,14,72,18,224,0,96,0,50,2677,0,0,0,0
FUELHH,20220920,24,19455,0,972,3950,1262,0,63,8,185,0,96,0,26,2637,0,0,0,0
FUELHH,20220920,25,19385,0,970,3934,1271,0,52,11,157,0,96,0,94,2515,0,0,0,0
FUELHH,20220920,26,19188,0,977,3935,1199,0,52,29,149,0,96,0,46,2495,0,0,0,0
FUELHH,20220920,27,19519,0,994,3934,1149,42,52,69,116,0,96,0,90,2656,0,0,0,0
FUELHH,20220920,28,19509,0,971,3933,1197,78,52,65,115,0,96,0,96,2670,0,0,0,0
FUELHH,20220920,29,19213,0,966,3940,1231,0,52,64,116,0,136,0,118,2706,0,0,0,0
FUELHH,20220920,30,19352,0,972,3936,1167,142,58,63,116,0,146,0,96,2662,0,0,0,0
FUELHH,20220920,31,19396,0,1015,3934,1080,0,87,95,113,0,146,2,104,2498,0,0,0,0
FUELHH,20220920,32,19308,0,1176,3934,967,0,91,117,313,0,138,2,70,2486,0,0,2,0
FUELHH,20220920,33,19051,0,1208,3934,961,282,126,295,458,0,96,0,0,2373,0,148,68,2
FUELHH,20220920,34,19302,0,1256,3938,947,686,138,310,686,0,84,0,0,2457,0,170,72,22
FUELHH,20220920,35,19250,0,1428,3934,899,1082,194,316,756,0,16,0,0,2579,0,122,0,422
FUELHH,20220920,36,19272,0,1469,3936,835,1016,460,316,790,0,16,0,0,2612,0,120,0,470
FUELHH,20220920,37,19288,0,1462,3939,767,1284,532,316,817,0,16,0,0,2627,0,136,0,864
FUELHH,20220920,38,19374,0,1477,3945,728,1436,533,318,907,0,16,0,0,2624,0,144,0,892
FUELHH,20220920,39,19148,0,1478,3947,705,1436,445,169,566,0,68,0,0,2656,0,300,0,730
FUELHH,20220920,40,19272,0,1479,3951,767,1020,459,78,298,0,90,0,0,2710,0,302,0,680
FUELHH,20220920,41,19153,0,1478,3940,894,822,367,65,298,0,48,0,0,2718,0,142,0,298
FUELHH,20220920,42,18857,0,1480,3946,983,958,235,8,277,0,48,0,0,2720,0,92,0,224
FUELHH,20220920,43,19256,0,1476,3947,1056,626,128,9,296,0,88,0,74,2726,0,0,0,0
FUELHH,20220920,44,19071,0,1334,3947,1158,188,122,17,184,0,96,0,188,2726,0,0,0,0
FUELHH,20220920,45,19206,0,1009,3946,1256,62,72,14,127,0,168,0,260,2724,0,0,0,0
FUELHH,20220920,46,18082,0,892,3945,1346,52,68,13,125,0,238,0,202,2589,0,0,0,0
FUELHH,20220920,47,17259,0,937,3944,1441,0,68,14,132,0,174,2,68,2487,0,0,0,0
FUELHH,20220920,48,16186,0,964,3941,1425,12,66,12,136,0,92,0,0,2452,0,0,0,0
FUELHH,20220921,1,15425,0,964,3942,1418,40,51,14,135,0,4,0,0,2413,0,0,0,0
FUELHH,20220921,2,15255,0,976,3939,1451,0,52,14,148,0,0,0,0,2160,0,0,0,0
FUELHH,20220921,3,15030,0,974,3944,1481,0,52,14,136,0,4,0,0,2278,0,0,0,0
FUELHH,20220921,4,14847,0,976,3941,1545,0,52,9,133,0,96,0,0,2313,0,0,0,0
FUELHH,20220921,5,14565,0,974,3942,1541,0,52,1,129,0,100,0,0,2379,0,0,0,0
FUELHH,20220921,6,14314,0,972,3940,1657,0,52,5,129,0,128,0,0,2382,0,0,0,0
FUELHH,20220921,7,13554,0,974,3940,1918,0,52,158,125,0,274,0,0,2377,0,0,0,0
FUELHH,20220921,8,13325,0,950,3942,2141,0,52,147,125,0,264,0,0,2276,0,0,0,0
FUELHH,20220921,9,13407,0,908,3940,2192,0,52,36,137,0,322,0,0,2265,0,0,0,0
FUELHH,20220921,10,13341,0,917,3944,2268,0,52,22,124,0,312,0,0,2357,0,0,0,0
FUELHH,20220921,11,13885,0,928,3942,2115,0,68,34,132,0,340,0,0,2448,0,0,0,0
FUELHH,20220921,12,14650,0,968,3945,2236,0,71,106,125,0,352,0,0,2327,0,0,0,0
FUELHH,20220921,13,16541,0,906,3944,2224,0,87,31,160,0,248,0,0,2156,0,0,0,0
FUELHH,20220921,14,18223,0,973,3947,2332,0,92,38,366,0,352,0,0,2254,0,0,0,0
FUELHH,20220921,15,19600,0,970,3942,2474,100,126,136,508,0,284,0,0,2538,0,0,0,0
FUELHH,20220921,16,19896,0,968,3944,2563,268,245,114,832,0,320,0,52,2742,0,0,0,0
FUELHH,20220921,17,19962,0,969,3945,2729,264,390,138,940,0,220,0,2,2738,0,0,0,0
FUELHH,20220921,18,19961,0,974,3947,2906,186,376,133,808,0,102,0,0,2721,0,0,0,0
FUELHH,20220921,19,20052,0,973,3945,2912,398,395,64,766,0,42,0,0,2725,0,0,0,0
FUELHH,20220921,20,19954,0,970,3947,3068,198,227,31,685,0,0,0,0,2713,0,0,0,0
FUELHH,20220921,21,19728,0,971,3939,3157,266,123,46,324,0,0,0,0,2700,0,0,0,0
FUELHH,20220921,22,19489,0,973,3946,3392,224,113,4,147,0,0,0,0,2699,0,0,0,0
FUELHH,20220921,23,19180,0,971,3947,3474,214,68,0,136,0,0,0,0,2710,0,0,0,0
FUELHH,20220921,24,18992,0,969,3948,3761,0,68,0,132,0,0,0,0,2575,0,0,0,0
FUELHH,20220921,25,19066,0,970,3943,3983,70,68,0,142,0,58,0,0,2428,0,0,0,0
FUELHH,20220921,26,18799,0,970,3948,3898,194,68,0,147,0,52,0,0,2432,0,0,0,0
FUELHH,20220921,27,18554,0,973,3952,3963,76,68,0,283,0,92,0,0,2433,0,0,0,0
FUELHH,20220921,28,18240,0,974,3950,4070,0,68,0,188,0,72,2,0,2585,0,0,0,0
FUELHH,20220921,29,17756,0,973,3954,4374,0,55,0,97,0,198,0,0,2737,0,0,0,0
FUELHH,20220921,30,16937,0,976,3950,4988,0,67,1,91,0,216,0,0,2739,0,0,0,0
FUELHH,20220921,31,16760,0,975,3947,5035,50,95,1,108,0,158,2,0,2726,0,0,0,0
FUELHH,20220921,32,17112,0,975,3946,5352,56,106,1,111,0,284,0,0,2735,0,0,0,0
FUELHH,20220921,33,17405,0,972,3941,5400,32,138,1,111,0,222,2,62,2737,0,0,0,0
FUELHH,20220921,34,17699,0,967,3946,5749,0,141,1,140,0,334,0,214,2730,0,0,0,0
FUELHH,20220921,35,17999,0,971,3942,6066,470,157,1,194,0,338,0,226,2734,0,0,0,0
FUELHH,20220921,36,17960,0,962,3945,6292,498,186,1,362,0,342,0,326,2736,0,0,0,0
FUELHH,20220921,37,17713,0,967,3939,6474,592,259,35,870,0,342,0,338,2727,0,0,0,0
FUELHH,20220921,38,17693,0,972,3958,6465,592,269,14,894,0,342,0,338,2718,0,0,0,0
FUELHH,20220921,39,17773,0,973,3957,6375,822,261,0,980,0,342,0,374,2709,0,0,0,0
FUELHH,20220921,40,17732,0,968,3963,6483,1072,255,41,803,0,342,0,382,2708,0,0,0,0
FUELHH,20220921,41,17605,0,962,3957,6759,130,228,49,713,0,332,2,274,2709,0,0,0,0
FUELHH,20220921,42,16483,0,960,3945,7285,154,172,6,342,0,198,0,112,2739,0,0,0,0
FUELHH,20220921,43,15924,0,961,3945,7740,0,133,1,187,0,140,0,4,2584,0,0,0,0
FUELHH,20220921,44,14258,0,883,3946,8128,0,121,1,98,0,160,0,0,2217,0,0,0,0
FUELHH,20220921,45,13402,0,685,3945,8362,0,72,1,95,0,30,2,0,2235,0,0,0,0
FUELHH,20220921,46,11697,0,364,3946,8616,0,70,0,108,0,0,0,0,2133,0,0,0,0
FUELHH,20220921,47,9692,0,26,3943,8963,0,70,1,112,0,0,0,74,2295,0,0,0,0
FUELHH,20220921,48,8493,0,0,3939,8966,0,70,0,136,0,62,0,180,2242,0,0,0,0
FUELHH,20220922,1,7598,0,0,3943,9184,0,54,1,104,0,134,0,58,2103,0,0,0,0
FUELHH,20220922,2,7006,0,0,3938,9273,0,54,1,113,0,168,0,0,2161,0,0,0,0
FUELHH,20220922,3,6865,0,0,3941,9312,0,54,1,119,0,170,2,0,2177,0,0,0,0
FUELHH,20220922,4,7271,0,0,3944,9028,0,55,2,106,0,214,0,0,2130,0,0,0,0
FUELHH,20220922,5,7320,0,0,3941,8761,0,57,2,117,0,214,0,0,2210,0,0,0,0
FUELHH,20220922,6,7090,0,0,3940,8582,0,57,1,117,0,164,0,0,2274,0,0,0,0
FUELHH,20220922,7,7150,0,0,3939,8457,0,57,2,103,0,62,0,0,2268,0,0,0,0
FUELHH,20220922,8,7494,0,0,3939,8115,0,57,2,99,0,88,0,0,2177,0,0,0,0
FUELHH,20220922,9,7798,0,0,3942,7684,0,57,1,102,0,4,0,0,2207,0,0,0,0
FUELHH,20220922,10,8005,0,0,3961,7533,0,57,0,87,0,0,0,0,2179,0,0,0,0
FUELHH,20220922,11,8113,0,0,3939,7374,40,57,4,96,0,24,2,0,2209,0,0,0,0
FUELHH,20220922,12,9273,0,165,3942,6767,178,57,2,138,0,176,0,34,2334,0,0,0,0
FUELHH,20220922,13,11014,0,374,3944,6424,180,69,26,385,0,288,0,8,2575,0,0,0,0
FUELHH,20220922,14,12745,0,622,3944,6443,0,83,49,645,0,164,0,112,2468,0,0,0,0
FUELHH,20220922,15,15089,0,865,3941,6394,122,132,49,723,0,32,0,24,2328,0,0,0,0
FUELHH,20220922,16,16514,0,968,3943,6271,12,170,1,594,0,0,0,44,2359,0,0,0,0
FUELHH,20220922,17,16977,0,972,3945,5982,0,203,1,614,0,0,0,0,2655,0,0,0,0
FUELHH,20220922,18,17198,0,834,3948,5595,280,207,0,596,0,0,0,0,2626,0,0,0,0
FUELHH,20220922,19,17387,0,849,3948,5237,284,224,0,529,0,0,2,0,2535,0,0,0,0
FUELHH,20220922,20,17506,0,882,3946,5261,12,221,0,219,0,0,0,0,2552,0,0,0,0
FUELHH,20220922,21,17248,0,780,3945,5408,74,170,0,183,0,0,2,0,2309,0,0,0,0
FUELHH,20220922,22,16763,0,835,3944,5534,0,170,0,170,0,0,2,0,2622,0,0,0,0
FUELHH,20220922,23,16169,0,962,3942,5479,20,142,0,196,0,0,0,0,2693,0,0,0,0
FUELHH,20220922,24,16288,0,969,3947,5263,196,123,0,199,0,0,2,0,2733,0,0,0,0
FUELHH,20220922,25,16447,0,969,3947,5190,80,104,0,244,0,0,2,0,2746,0,0,0,0
FUELHH,20220922,26,16679,0,973,3941,4982,0,103,0,237,0,0,0,0,2668,0,0,0,0
FUELHH,20220922,27,16670,0,955,3942,4824,18,81,0,250,0,0,0,0,2565,0,0,0,0
FUELHH,20220922,28,16806,0,868,3940,4664,550,74,0,276,0,0,2,0,2515,0,0,0,0
FUELHH,20220922,29,17084,0,959,3944,4407,302,101,0,240,0,0,0,0,2592,0,0,0,0
FUELHH,20220922,30,17408,0,966,3942,4206,290,99,6,238,0,0,0,0,2742,0,0,0,0
FUELHH,20220922,31,17899,0,1048,3939,4043,464,101,117,292,0,0,0,4,2742,14,0,0,0
FUELHH,20220922,32,18280,0,1196,3945,3935,434,106,125,400,0,0,0,0,2742,0,0,0,0
FUELHH,20220922,33,18452,0,1352,3945,4037,646,133,199,581,0,0,2,0,2742,0,0,0,0
FUELHH,20220922,34,18568,0,1461,3942,4118,1128,145,271,676,0,0,2,0,2721,0,0,0,0
FUELHH,20220922,35,18374,0,1452,3948,4179,1088,217,417,847,0,0,0,0,2722,0,0,0,0
FUELHH,20220922,36,18576,0,1458,3943,4129,1314,249,301,889,0,0,0,0,2710,0,0,0,0
FUELHH,20220922,37,18539,0,1453,3946,4346,1314,283,263,927,0,0,2,0,2703,0,0,0,0
FUELHH,20220922,38,18373,0,1463,3943,4552,1322,261,263,733,0,0,0,0,2702,0,0,0,0
FUELHH,20220922,39,18846,0,1462,3944,4525,1334,242,263,743,0,0,0,0,2703,0,0,0,0
FUELHH,20220922,40,18831,0,1462,3941,4383,1302,226,263,837,0,0,0,0,2704,0,0,0,0
FUELHH,20220922,41,18370,0,1463,3947,4421,820,211,154,735,0,0,0,0,2703,0,0,322,0
FUELHH,20220922,42,17852,0,1464,3941,4598,916,181,142,445,0,0,0,0,2703,0,0,344,0
FUELHH,20220922,43,17937,0,1341,3944,4592,438,140,28,198,0,0,0,0,2704,0,0,344,0
FUELHH,20220922,44,17185,0,1018,3938,4557,0,137,0,193,0,0,2,0,2704,0,0,266,0
FUELHH,20220922,45,17443,0,959,3937,4349,196,136,0,179,0,0,0,0,2698,0,0,0,0
FUELHH,20220922,46,16607,0,973,3938,4084,34,132,0,157,0,0,0,0,2679,0,0,0,0
FUELHH,20220922,47,15280,0,967,3942,3961,0,115,0,165,0,0,0,0,2587,0,0,0,0
FUELHH,20220922,48,14549,0,975,3942,3532,54,118,0,161,0,0,2,0,2430,0,0,0,0
FTR,528
